{
  "name": "Platformer",
  "levels": [
    {
      "name": "Level 0",
      "description": "Hello World",
      "layers": [
        {
          "name": "Land",
          "x": 0,
          "y": 0,
          "depth": 0,
          "tilesSheetFile": "land.png",
          "tilesWidth": 32,
          "tilesHeight": 32,
          "tileMap": [
            [0, 0, 0, 0, 0, 0, 0, 0, 0, 0, 0, 0, 0, 0, 0, 0, 0, 0, 0, 0, 0, 0, 0, 0, 0, 0, 0, 0],
            [0, 0, 0, 0, 0, 0, 0, 0, 0, 0, 0, 0, 0, 0, 0, 0, 0, 0, 0, 0, 0, 0, 0, 0, 0, 0, 0, 0],
            [0, 0, 0, 0, 0, 0, 0, 0, 0, 0, 0, 0, 0, 0, 0, 0, 0, 0, 0, 0, 0, 0, 0, 0, 0, 0, 0, 0],
            [0, 0, 0, 0, 0, 0, 0, 0, 0, 0, 0, 0, 0, 0, 0, 0, 0, 0, 0, 0, 0, 0, 0, 0, 0, 0, 0, 0],
            [0, 0, 0, 0, 0, 0, 0, 0, 0, 0, 0, 0, 0, 0, 0, 0, 0, 0, 0, 0, 0, 0, 1, 1, 0, 0, 0, 0],
            [0, 0, 0, 0, 0, 0, 0, 0, 0, 0, 0, 0, 0, 0, 0, 0, 0, 0, 0, 2, 2, 2, 2, 0, 0, 0, 0, 0],
            [0, 0, 0, 0, 0, 0, 0, 0, 0, 0, 0, 0, 0, 0, 0, 0, 1, 1, 1, 2, 2, 2, 2, 2, 2, 0, 0, 0],
            [0, 0, 0, 0, 0, 0, 0, 0, 0, 0, 0, 0, 0, 0, 0, 1, 1, 2, 2, 2, 2, 2, 2, 2, 2, 0, 0, 0],
            [0, 0, 0, 0, 0, 0, 0, 0, 1, 1, 1, 1, 0, 0, 0, 0, 0, 2, 2, 2, 2, 0, 2, 2, 0, 0, 0, 0],
            [0, 0, 0, 0, 0, 0, 0, 0, 0, 0, 0, 0, 0, 0, 0, 0, 0, 0, 0, 0, 0, 0, 0, 0, 0, 0, 0, 0],
            [0, 0, 0, 0, 0, 0, 0, 2, 2, 2, 2, 0, 0, 0, 0, 0, 0, 0, 0, 0, 0, 0, 0, 0, 0, 0, 0, 0],
            [0, 0, 1, 1, 0, 0, 0, 2, 2, 2, 2, 0, 0, 1, 1, 1, 0, 0, 0, 0, 0, 0, 0, 0, 0, 0, 0, 0],
            [1, 1, 1, 1, 1, 1, 2, 2, 2, 2, 2, 2, 2, 0, 0, 0, 1, 1, 1, 1, 0, 0, 0, 0, 0, 0, 0, 0],
            [0, 0, 0, 0, 0, 0, 0, 0, 2, 2, 2, 2, 2, 0, 0, 0, 0, 0, 0, 0, 0, 0, 2, 2, 2, 2, 2, 0],
            [0, 0, 0, 0, 0, 0, 0, 0, 0, 2, 2, 0, 0, 0, 0, 0, 0, 0, 0, 0, 0, 0, 0, 0, 0, 0, 0, 0],
            [0, 0, 0, 0, 0, 0, 0, 0, 0, 0, 0, 0, 0, 0, 0, 0, 0, 0, 0, 0, 0, 0, 0, 0, 0, 0, 0, 0]
          ],
          "visible": true
        }
      ],
      "zones": [
        {
          "type": "stone",
          "x": 64,
          "y": 352,
          "width": 64,
          "height": 32,
          "color": "grey"
        },
        {
          "type": "stone",
          "x": 0,
          "y": 384,
          "width": 192,
          "height": 32,
          "color": "grey"
        },
        {
          "type": "stone",
          "x": 256,
          "y": 256,
          "width": 128,
          "height": 32,
          "color": "grey"
        },
        {
          "type": "stone",
          "x": 704,
          "y": 128,
          "width": 64,
          "height": 32,
          "color": "grey"
        },
        {
          "type": "stone",
          "x": 512,
          "y": 192,
          "width": 96,
          "height": 32,
          "color": "grey"
        },
        {
          "type": "stone",
          "x": 480,
          "y": 224,
          "width": 64,
          "height": 32,
          "color": "grey"
        },
        {
          "type": "stone",
          "x": 416,
          "y": 352,
          "width": 96,
          "height": 32,
          "color": "grey"
        },
        {
          "type": "stone",
          "x": 512,
          "y": 384,
          "width": 128,
          "height": 32,
          "color": "grey"
        },
        {
          "type": "ice",
          "x": 224,
          "y": 320,
          "width": 128,
          "height": 64,
          "color": "purple"
        },
        {
          "type": "ice",
          "x": 192,
          "y": 384,
          "width": 224,
          "height": 32,
          "color": "purple"
        },
        {
          "type": "ice",
          "x": 255,
          "y": 416,
          "width": 160,
          "height": 32,
          "color": "purple"
        },
        {
          "type": "ice",
          "x": 288,
          "y": 448,
          "width": 64,
          "height": 32,
          "color": "purple"
        },
        {
          "type": "ice",
          "x": 608,
          "y": 160,
          "width": 128,
          "height": 32,
          "color": "purple"
        },
        {
          "type": "ice",
          "x": 608,
          "y": 192,
          "width": 192,
          "height": 32,
          "color": "purple"
        },
        {
          "type": "ice",
          "x": 544,
          "y": 224,
          "width": 256,
          "height": 32,
          "color": "purple"
        },
        {
          "type": "ice",
          "x": 544,
          "y": 255,
          "width": 128,
          "height": 32,
          "color": "purple"
        },
        {
          "type": "ice",
          "x": 704,
          "y": 255,
          "width": 64,
          "height": 32,
          "color": "purple"
        },
        {
          "type": "ice",
          "x": 704,
          "y": 416,
          "width": 160,
          "height": 32,
          "color": "purple"
        }
      ],
      "sprites": [
        {
          "type": "flag",
          "x": 352,
          "y": 96,
          "width": 32,
          "height": 64,
          "imageFile": "flag.png"
        }
      ]
    }
  ]
}